{"is_source_file": true, "format": "SQL", "description": "This file contains the PostgreSQL schema definition and seed data for the RideConnect application. It defines custom types, tables, indexes, and initial data for users, drivers, rides, ride events, and payments.", "external_files": ["database/startup.sh"], "external_methods": [], "published": [], "classes": [], "methods": [], "calls": ["CREATE EXTENSION IF NOT EXISTS pgcrypto", "SELECT 1 FROM pg_type WHERE typname = 'user_role'", "SELECT 1 FROM pg_type WHERE typname = 'ride_status'", "SELECT 1 FROM pg_type WHERE typname = 'payment_status'", "gen_random_uuid()", "now()", "BEGIN", "COMMIT", "ON CONFLICT (email) DO NOTHING", "ON CONFLICT (id) DO NOTHING", "ON CONFLICT (ride_id) DO CASCADE", "ON CONFLICT (id) DO NOTHING"], "search-terms": ["PostgreSQL schema", "rideconnect", "user_role", "ride_status", "payment_status", "seeds", "UUID", "enum types", "ride events", "payments", "database initialization"], "state": 2, "file_id": 8, "knowledge_revision": 18, "git_revision": "", "hash": "05a3fa010953a8ae0bd97c5557bff7cf", "format-version": 4, "code-base-name": "database", "filename": "database/rideconnect_init.sql", "revision_history": [{"18": ""}]}