{"is_source_file": true, "format": "bash", "description": "A shell script to initialize and start a PostgreSQL server, create database and user, configure permissions, and apply schema seeds for the RideConnect application.", "external_files": ["/var/lib/postgresql/data/PG_VERSION", "/home/kavia/workspace/code-generation/rideconnect-201071-201082/database/rideconnect_init.sql", "db_visualizer/postgres.env", "db_connection.txt"], "external_methods": ["ls", "sudo", "pg_isready", "psql", "pgrep", "initdb", "createdb", "cat", "sleep", "exit"], "published": [], "classes": [], "methods": [{"name": "pg_isready", "description": "Checks PostgreSQL server readiness."}, {"name": "psql", "description": "PostgreSQL command-line client used for executing SQL commands."}, {"name": "initdb", "description": "Initializes a new PostgreSQL data directory."}, {"name": "createdb", "description": "Creates a new PostgreSQL database."}, {"name": "pgrep", "description": "Checks for running PostgreSQL processes."}], "search-terms": ["PostgreSQL startup script", "install and configure PostgreSQL via bash", "schema application script", "RideConnect database setup", "permission configuration PostgreSQL", "initdb and database creation"], "state": 2, "file_id": 5, "knowledge_revision": 17, "git_revision": "167fb80fa9fbbca91684b1e788828d46522d388e", "revision_history": [{"13": "167fb80fa9fbbca91684b1e788828d46522d388e"}, {"17": "167fb80fa9fbbca91684b1e788828d46522d388e"}], "hash": "1c108c43ced89a4c9ee85e75600f5e82", "format-version": 4, "code-base-name": "database", "filename": "database/startup.sh"}