{"is_source_file": true, "format": "HTML", "description": "HTML source code for a web-based database viewer interface including styles and client-side scripts.", "external_files": [], "external_methods": [], "published": [], "classes": [], "methods": [], "calls": ["refreshDatabases()", "loadDatabases()", "toggleDatabase()", "loadTables()", "loadTableData()", "renderTable()", "renderCell()", "expandCell()"], "search-terms": ["Database Viewer", "HTML source", "client-side script", "database interface", "frontend styles", "UI components"], "state": 2, "file_id": 3, "knowledge_revision": 11, "git_revision": "167fb80fa9fbbca91684b1e788828d46522d388e", "hash": "ee63333a4841bf025439c755a74c9881", "format-version": 4, "code-base-name": "database", "filename": "database/db_visualizer/public/index.html", "revision_history": [{"11": "167fb80fa9fbbca91684b1e788828d46522d388e"}]}