{"is_source_file": true, "format": "bash script", "description": "This is a shell script that automates the process of restoring various database types like SQLite, PostgreSQL, MySQL, and MongoDB from backup files. It contains logic to detect the backup type and performs the appropriate restore commands based on the environment.", "external_files": ["database_backup.db", "database_backup.sql", "database_backup.archive"], "external_methods": ["ls /usr/lib/postgresql/", "sudo -u postgres pg_isready", "psql", "mysqladmin", "mysql", "mongosh", "mongorestore"], "published": [], "classes": [], "methods": [], "calls": ["ls", "echo", "cp", "sudo -u postgres pg_isready", "psql", "mysqladmin", "mysql", "mongosh", "mongorestore"], "search-terms": ["database restore bash script", "backup detection", "sqlite restore", "postgresql restore", "mysql restore", "mongodb restore", "restore database script", "database backup files"], "state": 2, "file_id": 6, "knowledge_revision": 12, "git_revision": "167fb80fa9fbbca91684b1e788828d46522d388e", "hash": "67505395c0df4c9c001ab8f47571f3fb", "format-version": 4, "code-base-name": "database", "filename": "database/restore_db.sh", "revision_history": [{"12": "167fb80fa9fbbca91684b1e788828d46522d388e"}]}