{"is_source_file": true, "format": "bash", "description": "This script automates the detection and backup of various database systems (SQLite, PostgreSQL, MySQL, MongoDB). It checks for the presence of specific database services running on the system and performs backups accordingly.", "external_files": ["mysqldump", "mysqladmin", "mongosh", "/usr/lib/postgresql/", "/var/run/mysqld/mysqld.sock"], "external_methods": ["cp", "ls", "sudo -u postgres pg_isready", "pg_dump", "mysqladmin", "mysql", "mysqldump", "mongosh", "mongodump", "sudo mysql"], "published": [], "classes": [], "methods": [], "calls": ["cp", "ls", "sudo -u postgres pg_isready", "pg_dump", "mysqladmin ping", "mysql -h localhost -P ${DB_PORT} -u ${DB_USER} -p${DB_PASSWORD} -e \"SELECT 1\"", "mysqldump -h localhost -P ${DB_PORT} -u ${DB_USER} -p${DB_PASSWORD} --databases ${DB_NAME} --add-drop-database --routines --triggers --single-transaction", "mongosh --port ${DB_PORT} --eval \"db.adminCommand('ping')\"", "mongodump --port ${DB_PORT} --db ${DB_NAME} --archive=database_backup.archive --quiet"], "search-terms": ["backup_db.sh", "database backup script", "SQLite backup", "PostgreSQL backup", "MySQL backup", "MongoDB backup", "database detection", "system database check"], "state": 2, "file_id": 1, "knowledge_revision": 14, "git_revision": "167fb80fa9fbbca91684b1e788828d46522d388e", "hash": "7af9aa35fa4940f934d83f6e2621b732", "format-version": 4, "code-base-name": "database", "filename": "database/backup_db.sh", "revision_history": [{"14": "167fb80fa9fbbca91684b1e788828d46522d388e"}]}